{"cameraMode":{"drawMode":0,"name":"Shaded","section":"Shading Mode"},"sceneLighting":true,"audioPlay":false,"sceneViewState":{"m_AlwaysRefresh":false,"showFog":true,"showSkybox":true,"showFlares":true,"showImageEffects":true,"showParticleSystems":true,"showVisualEffectGraphs":true,"m_FxEnabled":true},"in2DMode":false,"pivot":{"x":-6.186794281005859,"y":2.4788575172424318,"z":-0.29227781295776369},"rotation":{"x":-0.05133122578263283,"y":0.9018536806106567,"z":-0.11177493631839752,"w":-0.41417041420936587},"size":10.513775825500489,"orthographic":false}