{"cameraMode":{"drawMode":0,"name":"Shaded","section":"Shading Mode"},"sceneLighting":true,"audioPlay":false,"sceneViewState":{"m_AlwaysRefresh":false,"showFog":true,"showSkybox":true,"showFlares":true,"showImageEffects":true,"showParticleSystems":true,"showVisualEffectGraphs":true,"m_FxEnabled":true},"in2DMode":false,"pivot":{"x":279.29888916015627,"y":64.65131378173828,"z":-150.60452270507813},"rotation":{"x":-0.1757722795009613,"y":0.00504425959661603,"z":0.000911804789211601,"w":0.9844324588775635},"size":102.82417297363281,"orthographic":false}